sr,ir,abe,vci,bsr
0.417,0.033,0.693,0.949,0.584333
0.428,0.017,0.328,0.987,0.481333
